file,group,target,fw,accel,ss,err_pct,sd,u_ss,u_max,os100,r90,set10,sat_pct,vdrop,track_err
omega_step_neg100.csv,pre-F3 step,-100,pre-F3,Inf,-100.634453544617,-0.634453544616704,3.75470655984814,-0.125893796533346,0.132439032196999,3.29749930532356,101.715087890625,97.686767578125,0,0.307269505092076,NaN
omega_step_neg200.csv,pre-F3 step,-200,pre-F3,Inf,-198.282163745861,0.858918127069614,9.61312221517851,-0.193018277133177,0.200000002980232,7.55792945861816,134.925842285156,141.921997070312,14.0468227424749,0.34228515625,NaN
omega_step_neg200_1.csv,pre-F3 step,-200,pre-F3,Inf,-200.675379177035,-0.337689588517705,8.03961692021375,-0.199259834997545,0.211100772023201,3.16494178771973,131.927490234375,148.918151855469,0,-0.127939060756132,NaN
omega_step_neg250.csv,pre-F3 step,-250,pre-F3,Inf,-247.193907775879,1.12243688964844,9.19994942895292,-0.215784716755152,0.233031332492828,3.06414837646485,180.267333984375,164.154052734375,0,0.0794352741984637,NaN
omega_step_neg400.csv,pre-F3 step,-400,pre-F3,Inf,-401.746655578613,-0.436663894653321,13.6739903343112,-0.249775450080633,0.259999990463257,4.03883401971115,190.338134765625,176.239013671875,5.68561872909699,0.38230547223772,NaN
omega_step_neg400_1.csv,pre-F3 step,-400,pre-F3,Inf,-403.73964106371,-0.934910265927385,12.5450520360262,-0.234075570242659,0.257589757442474,2.94954830992455,163.909912109375,173.904418945312,0,0.5924072265625,NaN
omega_step_neg400_2.csv,pre-F3 step,-400,pre-F3,Inf,-402.033871258576,-0.508467814643978,9.99834627952935,-0.23704783769731,0.261581093072891,1.41646583557129,158.912658691406,164.909362792969,0,0.482353319440563,NaN
omega_step_neg430.csv,pre-F3 step,-430,pre-F3,Inf,-426.762509613037,0.752904741154167,15.8793300529496,-0.249979332387447,0.259999990463257,1.68477250919786,151.06201171875,179.26025390625,24.0802675585284,0.552386365618028,NaN
omega_step_neg430_1.csv,pre-F3 step,-430,pre-F3,Inf,-433.792569078165,-0.881992808875502,17.1132338555393,-0.239124001585287,0.272358417510986,2.99787547976471,189.895629882812,171.905517578125,0,0.667442212786,NaN
omega_step_neg430_2.csv,pre-F3 step,-430,pre-F3,Inf,-427.511462371361,0.57872968107873,12.1450475133083,-0.241905409218696,0.271286934614182,0.701505368254899,146.919250488281,149.917602539062,0,4.16411710466657,NaN
omega_step_pos100.csv,pre-F3 step,100,pre-F3,Inf,100.953326539945,0.953326539944882,5.61668362020246,0.0954958968204895,0.103713311254978,2.77561203002929,78.9566040039062,80.9555053710938,0,2.02809535435267,NaN
omega_step_pos200.csv,pre-F3 step,200,pre-F3,Inf,203.804635604626,1.90231780231302,8.20775811460108,0.172134347902942,0.193076148629189,3.34573448181152,127.9296875,129.928588867188,0,0.0367552369505445,NaN
omega_step_pos200_1.csv,pre-F3 step,200,pre-F3,Inf,203.177235792131,1.5886178960655,8.99013917685058,0.185125287716764,0.199491769075394,2.99695327758789,167.90771484375,164.909362792969,0,0.960275503305281,NaN
omega_step_pos250.csv,pre-F3 step,250,pre-F3,Inf,253.514614976602,1.40584599064086,12.8086797831159,0.175362808147663,0.200000002980232,4.55146588134767,129.928588867188,125.930786132812,17.2240802675585,0.330854766222891,NaN
omega_step_pos250_1.csv,pre-F3 step,250,pre-F3,Inf,250.989944839478,0.395977935791018,11.5822657028254,0.196295779794455,0.224701568484306,5.6956121826172,141.998291015625,164.154052734375,0,0.408566611153739,NaN
omega_step_pos400.csv,pre-F3 step,400,pre-F3,Inf,383.851376761035,-4.03715580974134,34.4812961528401,0.19474848136684,0.253488212823868,7.30305099487305,145.919799804688,570.686340332031,0,1.11265476771764,NaN
omega_step_pos400_1.csv,pre-F3 step,400,pre-F3,Inf,396.790586674879,-0.802353331280244,30.8475810685481,0.195141252905584,0.262211173772812,7.00244132995606,142.921447753906,152.915954589844,0,0.942574201311377,NaN
omega_step_pos400_2.csv,pre-F3 step,400,pre-F3,Inf,384.117564709659,-3.97060882258536,24.5704182726502,0.202987532022641,0.258135795593262,6.66646598815917,146.919250488281,150.917053222656,0,0.737475694928857,NaN
omega_step_pos430.csv,pre-F3 step,430,pre-F3,Inf,415.495436096191,-3.37315439623456,27.4422662763891,0.203971952348948,0.252424865961075,8.72263460381087,152.069091796875,150.054931640625,0,2.29822115216936,NaN
omega_step_pos430_1.csv,pre-F3 step,430,pre-F3,Inf,426.522543505364,-0.808710812706123,30.0937670161894,0.203924154494014,0.265776932239532,8.09841400856196,147.918701171875,149.917602539062,0,1.06263068062919,NaN
omega_step_pos430_2.csv,pre-F3 step,430,pre-F3,Inf,405.538575303131,-5.68870341787653,27.8621234865735,0.203174128372052,0.261200219392776,11.6019591575445,162.910461425781,365.798950195312,0,1.52285156250001,NaN
omega_step_pos430_3.csv,pre-F3 step,430,pre-F3,Inf,429.601228790283,-0.0927374906318169,31.6240194388697,0.204672777429223,0.260638058185577,6.06069449491279,149.0478515625,162.139892578125,0,0.988958978033679,NaN
omega_step_pos430_4.csv,pre-F3 step,430,pre-F3,Inf,436.39818069458,1.48794899873956,34.2784001800157,0.193270438238978,0.257728219032288,6.21270808730015,158.111572265625,162.139892578125,0,1.27273254394532,NaN
