group,level,n,err_pct_mean,err_pct_sd,sd_raw_mean,sd_raw_sd,sd_ma_mean,sd_ma_sd,os_mean,os_sd,r90_mean,r90_sd,set10_mean,set10_sd,ramp_rms_mean,ramp_rms_sd,ramp_max_mean,ramp_max_sd,ang_err_mean,ang_err_sd
"F5 ff（E9, 参考）",-250,1,2.02743673706054,NaN,10.9322151649387,NaN,3.89153146009983,NaN,3.71561230468751,NaN,85.601806640625,NaN,98.69384765625,NaN,16.2871491877085,NaN,25.3079299926758,NaN,0.770321338573012,NaN
"F5 ff（E9, 参考）",-100,1,-0.105087848419842,NaN,3.35862489767692,NaN,0.823046791494663,NaN,3.66402687072754,NaN,45.8984375,NaN,65.4296875,NaN,11.9293830140904,NaN,17.8384124755859,NaN,0.323425429116469,NaN
"F5 ff（E9, 参考）",100,1,0.0986011586290658,NaN,5.63869599574149,NaN,1.22581781456948,NaN,4.10808473474839,NaN,41.9921875,NaN,59.5703125,NaN,16.4084280345059,NaN,19.9695117950439,NaN,-0.0330470373155549,NaN
"F5 ff（E9, 参考）",250,1,-0.50633895874023,NaN,8.72698444364995,NaN,2.24628536705791,NaN,3.39170965576172,NaN,90.63720703125,NaN,101.715087890625,NaN,13.0468647577798,NaN,22.2378051757813,NaN,-0.16524413172192,NaN
"F7 ff（FF ON）",-430,8,-0.132405698871566,0.816228149165112,19.6858551965627,3.29094841998411,11.1043800226795,1.84534322730212,3.72087356559207,1.64026278418138,141.765594482422,3.11330315605617,144.485473632812,4.04815415009532,24.2959901939103,2.41908818914837,41.7496253967285,5.04048473344024,0.850369426283123,0.650827308891005
"F7 ff（FF ON）",-250,1,3.60548544311523,NaN,9.90621264358483,NaN,2.91426815714517,NaN,8.20366131591797,NaN,82.58056640625,NaN,88.623046875,NaN,17.9309603752699,NaN,41.5061019897461,NaN,-0.852797761442162,NaN
"F7 ff（FF ON）",-100,1,-0.189429307347027,NaN,4.03080687502085,NaN,0.368596321524313,NaN,9.38049018859863,NaN,42.9763793945312,NaN,59.967041015625,NaN,10.7359700408514,NaN,15.8536571502686,NaN,-0.395546189681454,NaN
"F7 ff（FF ON）",100,1,-0.247923681578655,NaN,5.98434009369175,NaN,1.37991668359658,NaN,2.67744110107422,NaN,32.9818725585938,NaN,57.9681396484375,NaN,4.06770330064832,NaN,6.84451237916947,NaN,0.238406818906014,NaN
"F7 ff（FF ON）",250,2,1.83163551127039,1.52278797690446,22.2287936286263,0.538777974474513,5.18893426184213,2.37323852459018,9.38317315673828,0.703657477709625,80.01708984375,0.086316745750311,82.4928283691406,0.652770389736727,18.3002436651919,6.04946732151112,52.5594596862793,19.5941872095409,2.05776127031686,0.327484257665257
"F7 ff（FF ON）",430,11,0.460728185169428,1.20128730991177,36.7450206103114,4.13145195776207,13.5480766810607,5.48090020174513,4.81457044866061,1.6896854201522,130.196311257102,4.49442374315136,348.016218705611,27.8614317257823,41.5685604200221,3.70988966685112,75.0207952325994,11.1486758950706,-2.26993920725204,0.981877320718123
"FF OFF（純PI）",-430,8,0.406438864793358,0.657507975325924,14.6956276103935,2.60525400963918,5.00180801982119,2.5062608074938,2.48838969783403,0.837668031669796,199.024200439453,5.85853337873825,206.97021484375,4.96117517268863,90.9010873430445,1.43453625689337,116.789629220963,3.11084204243606,17.1787939650721,0.559635024172202
"FF OFF（純PI）",430,6,-0.665449422122467,2.5120712020609,34.7368769578399,4.3854816873233,12.6976837243426,2.55495302663035,9.38859202067057,1.71848660299058,191.673278808594,8.63979262383344,256.118774414062,67.6575589727876,87.8928681366797,2.00198691703958,123.120930226644,5.07764549904915,-11.1557121704654,1.13216877039564
