name,fw,target,ss,ss_err_pct,sd,sd_pct,u_ss,u_max,margin_to_limit,r90,os,set10,os100,set10_100,sat_ms,v_min,v_drop_pct,ripple_hz,ripple_amp,ripple_amp_pct,sim_r90,sim_os,sim_os100,sim_u_ss
pos200,1,200,201.70916974103,0.854584870515041,8.28723031363432,4.14361515681716,0.174709678498984,0.193076148629189,0.0252903215010158,127.9296875,7.78201408386231,126.930236816406,3.34573448181152,129.928588867188,0,682.826965332031,0.0367552369505445,13.4680134680135,6.35762860014274,3.17881430007137,116.935729980469,2.48358314753693,1.73009771938037,0.178477525516944
neg200,1,-200,-197.671023847278,1.16448807636094,10.749904342124,5.37495217106202,-0.191343762256481,0.200000002980232,0.00865623774351898,134.925842285156,12.7911617279053,308.830261230469,7.55792945861816,141.921997070312,84,680.725921630859,0.34228515625,6.73400673400673,7.12761344288203,3.56380672144101,116.935729980469,2.48358314753693,1.73009771938037,-0.178477525516944
pos250,1,250,251.833585180417,0.733434072166983,12.0650484681164,4.82601938724655,0.177624242725196,0.200000002980232,0.0223757572748043,129.928588867188,7.6597589111328,128.929138183594,4.55146588134767,125.930786132812,103,673.022186279297,0.330854766222891,43.7710437710438,11.3060791997142,4.5224316798857,120.933532714844,1.89193179915898,1.27806699694258,0.194822800880546
pos100,2,100,100.921000933406,0.921000933406333,5.08715900020964,5.08715900020964,0.0959764829639232,0.103713311254978,0.164023517036077,78.9566040039062,8.60366134643554,77.9571533203125,2.77561203002929,80.9555053710938,0,661.116546630859,2.02809535435267,10.1010101010101,3.42431830307465,3.42431830307465,96.9467163085938,0.0466630097241421,0.0287131885643817,0.122504541895824
neg100,2,-100,-100.226018676758,-0.226018676757818,4.0071679671083,4.0071679671083,-0.125875843564669,0.132439032196999,0.134124156435331,101.715087890625,9.66158790588379,100.7080078125,3.29749930532356,97.686767578125,0,682.826934814453,0.307269505092076,10,2.65138743034015,2.65138743034015,97.686767578125,0.0466630097241421,0.0287131885643817,-0.122504541895824
pos200_1,2,200,201.847750011919,0.923875005959658,8.22664208645616,4.11332104322808,0.187092610581555,0.199491769075394,0.0729073894184447,167.90771484375,9.56097793579102,166.908264160156,2.99695327758789,164.909362792969,0,685.628265380859,0.960275503305281,10.1010101010101,9.72268738336408,4.86134369168204,134.925842285156,0.176780689050005,0.129706281518253,0.178477525516944
neg200_1,2,-200,-199.988712811711,0.00564359414457272,7.76051648915716,3.88025824457858,-0.200339973675282,0.211100772023201,0.0596600263247185,131.927490234375,14.6936004638672,215.88134765625,3.16494178771973,148.918151855469,0,674.422897338867,-0.127939060756132,10.1010101010101,5.6958006421109,2.84790032105545,134.925842285156,0.176780689050005,0.129706281518253,-0.178477525516944
pos250_1,2,250,249.642485198975,-0.143005920410155,11.2364472677135,4.4945789070854,0.195983662754297,0.224701568484306,0.0640163372457027,141.998291015625,9.75853942871095,140.9912109375,5.6956121826172,164.154052734375,0,682.126586914062,0.408566611153739,56.6666666666667,7.37268215749861,2.94907286299944,140.9912109375,0.126678538753163,0.0963314324751423,0.194822800880546
neg250,2,-250,-250.403663787842,-0.161465515136717,10.4963785869463,4.19855143477852,-0.215766043812037,0.233031332492828,0.0442339561879635,180.267333984375,8.58292846679688,179.26025390625,3.06414837646485,164.154052734375,0,676.52392578125,0.0794352741984637,6.66666666666667,8.94632654845477,3.57853061938191,140.9912109375,0.126678538753163,0.0963314324751423,-0.194822800880546
pos400,2,400,393.398424347643,-1.65039391308923,36.5286228705418,9.13215571763545,0.190744466352142,0.253488212823868,0.0692555336478583,145.919799804688,11.6265266418457,552.696228027344,7.30305099487305,570.686340332031,0,660.416213989258,1.11265476771764,47.1380471380471,31.9206140550753,7.98015351376882,145.919799804688,0,0,0.227709164942975
neg400,2,-400,-398.099399515788,0.475150121053062,14.1219366200217,3.53048415500543,-0.24975996106863,0.259999990463257,0.0102400389313698,190.338134765625,4.70808143615723,189.3310546875,4.03883401971115,176.239013671875,34,666.719192504883,0.38230547223772,13.3333333333333,9.29080200878894,2.32270050219723,147.03369140625,0,0,-0.227709164942975
pos430,2,430,427.506920267741,-0.579785984246303,34.1531124470749,7.94258429001741,0.195070527344942,0.252424865961075,0.0649294726550579,152.069091796875,13.0884885566179,287.017822265625,8.72263460381087,150.054931640625,0,653.412841796875,2.29822115216936,46.6666666666667,26.8619386393782,6.246962474274,148.040771484375,0,0,0.232671088177971
neg430,2,-430,-429.158952433268,0.195592457379486,15.2878918328256,3.55532368205247,-0.249204863160849,0.259999990463257,0.0107951368391514,151.06201171875,5.56792645121729,186.309814453125,1.68477250919786,179.26025390625,144,672.321899414062,0.552386365618028,6.66666666666667,15.5585316932665,3.61826318448059,148.040771484375,0,0,-0.232671088177971
