file,group,level,err_pct,sd_raw,sd_ma,os,r90,set10,ramp_rms,ramp_max,ang_err
omega_f7_ff_neg100.csv,"F7 ff（FF ON）",-100,-0.189429307347027,4.03080687502085,0.368596321524313,9.38049018859863,42.9763793945312,59.967041015625,10.7359700408514,15.8536571502686,-0.395546189681454
omega_f7_ff_neg250.csv,"F7 ff（FF ON）",-250,3.60548544311523,9.90621264358483,2.91426815714517,8.20366131591797,82.58056640625,88.623046875,17.9309603752699,41.5061019897461,-0.852797761442162
omega_f7_ff_neg430.csv,"F7 ff（FF ON）",-430,0.360037408873091,19.6359804878531,11.7825018698267,3.66521192586319,144.012451171875,143.00537109375,27.6171869710806,50.5640411376953,0.914441552438802
omega_f7_ff_neg430_1.csv,"F7 ff（FF ON）",-430,-1.28623316565225,19.9512550823912,11.6715309372159,4.6506464325834,139.984130859375,144.012451171875,27.9395779079789,42.4451126098633,0.0900807318903389
omega_f7_ff_neg430_2.csv,"F7 ff（FF ON）",-430,-1.08508460466252,21.8692192170738,10.4537839010236,4.64323126200426,146.026611328125,152.069091796875,22.6602333711903,39.1189193725586,0.346945004581357
omega_f7_ff_neg430_3.csv,"F7 ff（FF ON）",-430,-0.599575467418765,24.9567409103111,13.4798755158793,6.46875564985714,145.5078125,144.53125,23.2720120656189,47.2500137329101,0.383473815512843
omega_f7_ff_neg430_4.csv,"F7 ff（FF ON）",-430,0.46184028274408,16.2955921553516,9.57080318922308,1.97788100131722,138.671875,140.625,23.0174321104403,37.0030471801758,1.63945991446963
omega_f7_ff_neg430_5.csv,"F7 ff（FF ON）",-430,0.982214933807808,18.4513211119692,8.22320927650161,1.8306121730265,137.6953125,148.4375,21.4607615052274,35.5792602539062,0.842459765437525
omega_f7_ff_neg430_6.csv,"F7 ff（FF ON）",-430,-0.332939566980784,21.7366175214766,13.4534553705836,4.39180149499045,141.6015625,143.5546875,25.4735593836016,41.6585464477539,0.623417668277398
omega_f7_ff_neg430_7.csv,"F7 ff（FF ON）",-430,0.440494588316819,14.5901150860749,10.1998801211824,2.13884858509439,140.625,139.6484375,22.9271582361446,40.3780624389648,1.9626769576571
omega_f7_ff_pos100.csv,"F7 ff（FF ON）",100,-0.247923681578655,5.98434009369175,1.37991668359658,2.67744110107422,32.9818725585938,57.9681396484375,4.06770330064832,6.84451237916947,0.238406818906014
omega_f7_ff_pos250.csv,"F7 ff（FF ON）",250,2.90840921604888,21.8478200693214,3.51080120773126,8.88561218261718,80.078125,82.03125,14.022624299585,38.7042770385742,2.28932760964381
omega_f7_ff_pos250_1.csv,"F7 ff（FF ON）",250,0.754861806491908,22.6097671879312,6.867067315953,9.88073413085938,79.9560546875,82.9544067382812,22.5778630307989,66.4146423339844,1.82619493098991
omega_f7_ff_pos430_1.csv,"F7 ff（FF ON）",430,-1.6744336202651,31.3886596494214,12.0141393843492,2.01107545513032,127.9296875,317.825317382812,39.8823380291297,69.1006149291992,-3.61023701285239
omega_f7_ff_pos430_10.csv,"F7 ff（FF ON）",430,2.09756320687227,37.6219235246368,13.3357971699155,5.15903259329915,129.913330078125,356.50634765625,38.2045406319178,74.2683074951172,-2.07414937841986
omega_f7_ff_pos430_11.csv,"F7 ff（FF ON）",430,0.324265122826533,40.6865812815129,14.5878216120022,4.56810884697493,126.953125,333.984375,45.8135520919118,80.1311126708985,-1.74935132067185
omega_f7_ff_pos430_2.csv,"F7 ff（FF ON）",430,1.44532074994144,29.3900552727029,5.46632451224688,3.97220283716586,127.9296875,325.820922851562,38.9628555135178,69.2987823486328,-2.09637420559488
omega_f7_ff_pos430_3.csv,"F7 ff（FF ON）",430,-1.49404756998372,33.5642149631907,13.7442277331276,3.24248678517896,135.92529296875,328.819274902344,38.706643916003,66.5121994018555,-3.92430206075369
omega_f7_ff_pos430_4.csv,"F7 ff（FF ON）",430,0.148116213776342,34.5520784034264,12.5598917309357,7.23866669271724,128.90625,353.485107421875,43.4786748926154,83.2865921020508,-3.24310054807211
omega_f7_ff_pos430_5.csv,"F7 ff（FF ON）",430,1.01666437193404,41.1619520036132,23.7895106140227,7.09714111105471,138.97705078125,416.93115234375,42.2707181566489,69.0640319824219,-1.99266137181257
omega_f7_ff_pos430_6.csv,"F7 ff（FF ON）",430,1.8450109082599,41.4238618091324,10.6573630962524,4.9465421454851,134.94873046875,347.442626953125,40.8889365748406,65.908544921875,-1.32774406582848
omega_f7_ff_pos430_7.csv,"F7 ff（FF ON）",430,0.301619063976196,39.1710313988734,22.913415562467,6.93459956836947,125.885009765625,327.301025390625,43.7665217613401,77.7865783691406,-2.46344303461319
omega_f7_ff_pos430_8.csv,"F7 ff（FF ON）",430,0.642798667730287,39.6002199206537,11.4260797749692,3.75099508596022,129.913330078125,370.60546875,36.365000666118,66.4299026489258,-0.646582747272987
omega_f7_ff_pos430_9.csv,"F7 ff（FF ON）",430,0.41513292179551,35.6346484862621,8.53427230137905,4.03942381393078,124.8779296875,349.456787109375,48.9143823861998,103.442080688477,-1.84138553388038
omega_f7_noff_neg430.csv,"FF OFF（純PI）",-430,0.683066328181781,12.1868356194441,2.05239802020471,1.99929341160974,204.437255859375,211.48681640625,89.1287014956113,112.893302154541,17.6978011683932
omega_f7_noff_neg430_1.csv,"FF OFF（純PI）",-430,1.46447587124136,13.7361075660959,4.18364982593435,1.61489658033908,201.416015625,204.437255859375,89.1286738785462,118.100587463379,17.6626737165416
omega_f7_noff_neg430_2.csv,"FF OFF（純PI）",-430,0.541829734624814,17.7781663192351,9.47022226081176,3.44944819543006,198.394775390625,208.465576171875,92.4800193293862,117.701220703125,17.5507307127646
omega_f7_noff_neg430_3.csv,"FF OFF（純PI）",-430,-0.522620161189593,13.1303331995473,2.08424624993108,1.32520287535911,206.451416015625,215.51513671875,89.7401151886836,116.759139251709,17.5652520684898
omega_f7_noff_neg430_4.csv,"FF OFF（純PI）",-430,0.229719649913704,14.2046349812554,3.86533431864135,2.8142393600109,201.416015625,207.45849609375,91.9931740776139,122.164613342285,16.8388032673556
omega_f7_noff_neg430_5.csv,"FF OFF（純PI）",-430,0.160356622589284,19.1147582000783,6.29809056064246,3.62918545035428,193.359375,206.0546875,91.3430011549647,117.777436828613,16.2006313024322
omega_f7_noff_neg430_6.csv,"FF OFF（純PI）",-430,-0.304578642394504,15.5264796847671,6.74955072801172,2.86951744982618,198.2421875,202.1484375,90.7961003871725,112.304871749878,16.6176952504902
omega_f7_noff_neg430_7.csv,"FF OFF（純PI）",-430,0.999261515380012,11.8877053127245,5.31097219439211,2.20533425974292,188.4765625,200.1953125,92.5989132323774,116.61586227417,17.29676423411
omega_f7_noff_pos430.csv,"FF OFF（純PI）",430,-4.41347711441748,27.8067432759925,13.1187941265482,10.5762927388036,200.889587402344,344.810485839844,85.278853133368,122.9969581604,-12.7029830901411
omega_f7_noff_pos430_1.csv,"FF OFF（純PI）",430,0.00720064975817602,35.3155688922442,8.40541022552781,8.27070560898891,200.889587402344,194.892883300781,87.0618785683696,122.954244995117,-12.0516318544394
omega_f7_noff_pos430_2.csv,"FF OFF（純PI）",430,-2.35514526367187,31.4118636483622,14.5837223962746,11.2563833547193,196.380615234375,309.173583984375,86.1569702215886,116.746943664551,-11.6502229469897
omega_f7_noff_pos430_3.csv,"FF OFF（純PI）",430,-0.429308620719024,39.8696088913375,15.5979826391265,10.4190327489099,185.302734375,294.0673828125,89.0240999502439,122.051810455322,-10.2627237977431
omega_f7_noff_pos430_4.csv,"FF OFF（純PI）",430,0.205121488349378,37.2052715008862,11.3317102065028,9.15967357546784,183.28857421875,196.380615234375,90.0253991363326,132.335381317139,-9.93346011782342
omega_f7_noff_pos430_5.csv,"FF OFF（純PI）",430,2.99291232796602,36.8122055382169,13.1484827520757,6.6494640971339,183.28857421875,197.3876953125,89.8100078101755,121.640242767334,-10.3332512156558
omega_ff_neg100.csv,"F5 ff（E9, 参考）",-100,-0.105087848419842,3.35862489767692,0.823046791494663,3.66402687072754,45.8984375,65.4296875,11.9293830140904,17.8384124755859,0.323425429116469
omega_ff_neg250.csv,"F5 ff（E9, 参考）",-250,2.02743673706054,10.9322151649387,3.89153146009983,3.71561230468751,85.601806640625,98.69384765625,16.2871491877085,25.3079299926758,0.770321338573012
omega_ff_pos100.csv,"F5 ff（E9, 参考）",100,0.0986011586290658,5.63869599574149,1.22581781456948,4.10808473474839,41.9921875,59.5703125,16.4084280345059,19.9695117950439,-0.0330470373155549
omega_ff_pos250.csv,"F5 ff（E9, 参考）",250,-0.50633895874023,8.72698444364995,2.24628536705791,3.39170965576172,90.63720703125,101.715087890625,13.0468647577798,22.2378051757813,-0.16524413172192
