session,target,metric,on_first_mean,off_first_mean,both_mean,se,n_pairs,mean_on,mean_off
1,430,os100,-1.58862730514171,0.497731124523081,-0.893174495253449,1.30092976224257,3,6.4858222783998,8.07444958354152
1,430,r90,-58.208465576172,-54.862976074219,-57.0933024088543,3.22299054046396,3,146.97265625,205.181121826172
1,430,track_err,-16.8972636908987,-17.2984966799271,-17.0310080205748,0.406792176072381,3,11.3396202621072,28.2368839530058
1,430,err_pct,3.79111780142534,6.51136876154559,4.69786812146542,1.35347691998948,3,2.28469127573521,-1.50642652569013
1,430,sat_pct,-0.668896321070235,-0.66889632107023,-0.668896321070233,0.579281206544777,3,3.84615384615384,4.51505016722408
1,430,u_ss,-0.0150195734630235,-0.00323570675618501,-0.0110916178940773,0.00396183139882667,3,0.212050730726932,0.227070304189955
1,-430,os100,0.965514388778275,-1.2970873845314,0.21131379767505,0.77212182249414,3,3.27861958032346,2.31310519154519
1,-430,r90,-23.6663818359375,-33.233642578125,-26.85546875,4.94507197537899,3,221.5576171875,245.223999023438
1,-430,track_err,-16.6445683856344,-19.5648030125818,-17.6179799279502,1.00812520536885,3,16.0012743927712,32.6458427784055
1,-430,err_pct,-0.259996973082081,0.519923436364456,-2.35032665689694e-05,0.444077065905229,3,0.205365185404931,0.465362158487013
1,-430,sat_pct,-3.01003344481605,-10.5351170568562,-5.51839464882943,4.05496844581344,3,30.7692307692307,33.7792642140468
1,-430,u_ss,0.00125829655677098,-0.00119605213403701,0.000440180326501653,0.000820046914056328,3,-0.272018467523158,-0.273276764079929
2,430,os100,-2.11419528214791,-2.02398359470163,-2.06908943842477,0.821630825196986,12,4.29895662153907,6.2667130755117
2,430,r90,-51.025390625,-49.6114095052083,-50.3184000651042,2.24534750257578,12,141.151428222656,192.352294921875
2,430,track_err,-12.4512901565825,-12.3192708770434,-12.385280516813,0.202959461428516,12,11.7785028804873,24.0391615431438
2,430,err_pct,-1.02391776742861,-0.133946306171068,-0.57893203679984,0.621368312932172,12,0.452089747976751,0.686084345144819
2,430,sat_pct,0.334448160535116,0.501672240802675,0.418060200668896,0.221216664804731,12,0.459866220735785,0.111482720178373
2,430,u_ss,0.004447786708673,-0.00113881863759316,0.00165448403553992,0.00226608232970333,12,0.201173687411591,0.20024717276295
2,-430,os100,0.6202034062638,1.64716742715371,1.03098901461976,0.436140073922702,5,3.67406069240521,3.05385728614141
2,-430,r90,-57.2916666666667,-57.12890625,-57.2265625,1.81651125368538,5,140.625,197.916666666667
2,-430,track_err,-15.635658928313,-15.8573454118052,-15.7243335217099,0.367862548614817,5,11.5975612534109,27.2332201817239
2,-430,err_pct,-0.870710131006433,-1.03275353810623,-0.935527493846352,0.518618252969997,5,-0.352500275025641,0.518209855980792
2,-430,sat_pct,5.96432552954292,6.68896321070234,6.25418060200669,1.77966022700849,5,8.58416945373467,2.61984392419175
2,-430,u_ss,0.00516750407240068,0.0085286408107965,0.00651195876775901,0.00268352757863592,5,-0.246831698858357,-0.251999202930758
