group,target,n,err_pct,sd,os100_mean,os100_max,os100_min,r90_ms,set10_ms,sat_pct,vdrop_pct
F3 ramp2500,-430,2,-0.864686123160426,12.9374212529864,2.95700076833497,4.27949758130451,1.63450395536544,198.898315429688,203.43017578125,0,1.76046545846121
F3 ramp2500,-250,1,-0.619880493164067,8.0494735136827,2.76610015869142,2.76610015869142,2.76610015869142,156.097412109375,165.1611328125,0,-0.11793365478515
F3 ramp2500,-100,1,0.0975586700439521,4.12395376622305,4.01402709960938,4.01402709960938,4.01402709960938,94.66552734375,103.729248046875,0,0.417320251464844
F3 ramp2500,100,1,-0.364326896667478,6.29489313149006,3.0658561706543,3.0658561706543,3.0658561706543,83.587646484375,94.66552734375,0,0.292263139997203
F3 ramp2500,250,1,1.14878295898437,8.91413218602282,3.51561291503906,3.51561291503906,3.51561291503906,150.054931640625,156.097412109375,0,0.127183314732146
F3 ramp2500,430,2,-0.90672614518986,29.4434416145514,12.3305472440498,14.2813415527344,10.3797529353652,193.359375,326.797485351562,0,1.40779707772391
F3 ramp4000,-430,1,-0.172806805398779,11.1445103294897,4.13017869106559,4.13017869106559,4.13017869106559,164.0625,162.109375,0,1.04262237548828
F3 ramp4000,430,1,-1.5010611600654,24.9966954909324,9.82147145825763,9.82147145825763,9.82147145825763,159.11865234375,165.1611328125,0,1.19269409179687
F3 step,-430,1,-0.799358117089276,20.571501904646,3.8180687482967,3.8180687482967,3.8180687482967,152.915954589844,166.908264160156,0,0.857532610212047
F3 step,430,2,-0.480978574765186,17.9623328909019,4.34841432793196,4.75836884254633,3.93845981331758,139.923095703125,143.421173095703,0,1.03319348764943
F4 ramp2500,-430,2,0.0748226096871859,15.4229064680973,4.07728837096306,4.83523207497934,3.31934466694677,232.372283935547,241.367340087891,20.2341137123746,0.62992422921317
F4 ramp2500,-250,1,-1.19353875732422,11.3763491182425,2.93707513427735,2.93707513427735,2.93707513427735,162.139892578125,176.239013671875,0,-0.222984313964844
F4 ramp2500,250,1,0.524825848419653,15.5169384834393,3.0334175415039,3.0334175415039,3.0334175415039,212.882995605469,195.892333984375,0,0.0921667916434217
F4 ramp2500,430,3,1.15477901983068,27.3060262950254,5.18524527143139,10.1629346270894,0.302469794694772,260.523478190104,320.823669433594,0,1.15767716907319
F4 step,-430,2,0.510326213942582,14.0740555756348,0.860750916946767,0.895634850790332,0.825866983103202,180.400848388672,186.397552490234,16.3879598662207,0.667440959385463
F4 step,430,3,-2.32150019615407,29.7678206915963,1.03748417344204,3.11245252032612,0,340.812683105469,345.143636067708,0,1.00427039010185
F5 ff,-430,2,0.205365185404931,18.2265146885541,3.27861958032346,4.26668924530016,2.29054991534677,221.5576171875,246.231079101562,30.7692307692308,0.647431891305108
F5 ff,-250,1,2.02743673706054,10.9322151649387,3.71561230468751,3.71561230468751,3.71561230468751,85.601806640625,98.69384765625,3.51170568561873,-0.162954711914056
F5 ff,-100,1,-0.105087848419842,3.35862489767692,3.66402687072754,3.66402687072754,3.66402687072754,45.8984375,65.4296875,0,0.137187630789624
F5 ff,100,1,0.0986011586290658,5.63869599574149,4.10808473474839,4.10808473474839,4.10808473474839,41.9921875,59.5703125,0,0.152196829659601
F5 ff,250,1,-0.50633895874023,8.72698444364995,3.39170965576172,3.39170965576172,3.39170965576172,90.63720703125,101.715087890625,2.50836120401338,0.0271363031296557
F5 ff,430,2,2.28469127573521,38.1986235780151,6.4858222783998,8.48114262070767,4.49050193609193,146.97265625,169.044494628906,3.84615384615385,1.13766642979213
F5 ffhi,-430,1,1.16626246252725,11.5836204951713,0,0,0,296.08154296875,324.27978515625,27.9264214046823,0.627422986711768
F5 ffhi,430,1,-0.796934970589577,21.1412169674638,2.18238938414665,2.18238938414665,2.18238938414665,135.955810546875,375.640869140625,5.68561872909699,1.00974896489358
F5 noff,-430,2,0.465362158487013,15.2219472413872,2.31310519154519,3.58763729987817,1.03857308321221,245.223999023438,236.663818359375,33.7792642140468,0.764988654000417
F5 noff,430,2,-1.50642652569013,30.2830020980113,8.07444958354152,8.16548767089844,7.98341149618459,205.181121826172,209.205627441406,4.51505016722408,1.69293283735003
pre-F3 step,-430,3,0.149880537785798,15.0458704739324,1.79471778573916,2.99787547976471,0.701505368254899,162.625630696615,167.027791341146,8.02675585284281,1.79464856102353
pre-F3 step,-400,3,-0.626680658408228,12.0724628832889,2.801616055069,4.03883401971115,1.41646583557129,171.053568522135,171.684265136719,1.89520624303233,0.485688672746928
pre-F3 step,-250,1,1.12243688964844,9.19994942895292,3.06414837646485,3.06414837646485,3.06414837646485,180.267333984375,164.154052734375,0,0.0794352741984637
pre-F3 step,-200,2,0.260614269275955,8.82636956769613,5.36143562316894,7.55792945861816,3.16494178771973,133.426666259766,145.420074462891,7.02341137123746,0.107173047746934
pre-F3 step,-100,1,-0.634453544616704,3.75470655984814,3.29749930532356,3.29749930532356,3.29749930532356,101.715087890625,97.686767578125,0,0.307269505092076
pre-F3 step,100,1,0.953326539944882,5.61668362020246,2.77561203002929,2.77561203002929,2.77561203002929,78.9566040039062,80.9555053710938,0,2.02809535435267
pre-F3 step,200,2,1.74546784918926,8.59894864572583,3.17134387969971,3.34573448181152,2.99695327758789,147.918701171875,147.418975830078,0,0.498515370127913
pre-F3 step,250,2,0.900911963215941,12.1954727429707,5.12353903198243,5.6956121826172,4.55146588134767,135.963439941406,145.042419433594,8.61204013377926,0.369710688688315
pre-F3 step,400,3,-2.93670598786898,29.9664318313461,6.99065277099609,7.30305099487305,6.66646598815917,145.253499348958,291.50644938151,0,0.930901554652624
pre-F3 step,430,5,-1.69507142374189,30.2601152796075,8.13928207042606,11.6019591575445,6.06069449491279,154.011535644531,198.01025390625,0,1.42907898345551
