mode,ctrl,os_mean,os_max,r90_mean_ms,r90_max_ms,settle5_mean_ms,lag_pct
step,PI Ti=65 (現行),5.16682867251189,12.7653041122474,143.142857142857,178,259.714285714286,99.2128276116648
step,PI Ti=150 (F4),0.105799544364155,1.48905237537812,334.47619047619,389,436.190476190476,99.2128276116648
step,FF静的(名目)+PI Ti=65,12.4556154428891,17.8154421088949,110.095238095238,172,314.857142857143,98.730546327058
step,FF静的(保守)+PI Ti=65,11.4336664788374,16.4472648122215,110.285714285714,172,309.380952380952,98.730546327058
step,FF静的+加速度(名目)+PI Ti=65,4.83715781727748,12.5730239124187,152.428571428571,182,261.571428571429,98.730546327058
step,FF静的+加速度(保守)+PI Ti=65,4.62565675533972,12.4528503908498,161.380952380952,188,264.428571428571,98.730546327058
step,FF静的+加速度(保守)+PI Ti=100,1.68584729693581,7.70350431551945,185.52380952381,211,251.809523809524,98.730546327058
step,FF誤差: T/K x0.5 (加速度FF不足),7.6072596384659,13.7789287207201,116.190476190476,172,270.52380952381,98.730546327058
step,FF誤差: T/K x1.5 (加速度FF過大),4.37876410435126,12.3810541625329,190.666666666667,213,292,98.812790924039
step,FF誤差: 必要duty -0.03 (不足),4.58643437158685,12.4322250205147,163.47619047619,189,266.380952380952,98.730546327058
step,FF誤差: 必要duty +0.03 (過大),5.25434466527075,12.806939699727,140.619047619048,177,257.904761904762,98.730546327058
ramp,PI Ti=65 (現行),6.37835194085197,13.5775453026017,229.47619047619,268,366.190476190476,46.6762010563311
ramp,PI Ti=150 (F4),0.180428756515939,2.4863551693106,394.428571428571,451,490.333333333333,60.3706949067444
ramp,FF静的(名目)+PI Ti=65,13.2181158430183,17.8172890844557,181.095238095238,221,390.047619047619,18.8877059283074
ramp,FF静的(保守)+PI Ti=65,12.6923226818829,17.0974552044075,186.285714285714,228,392.380952380952,23.2985358648183
ramp,FF静的+加速度(名目)+PI Ti=65,2.65239851270938,7.2712485026827,164.238095238095,205,224.761904761905,7.07856608014454
ramp,FF静的+加速度(保守)+PI Ti=65,2.14523374930698,7.6842209833425,171.047619047619,214,236.52380952381,9.57204078208821
ramp,FF静的+加速度(保守)+PI Ti=100,1.53850418808948,6.29868706991173,174.571428571429,224,249.619047619048,10.22653474479
ramp,FF誤差: T/K x0.5 (加速度FF不足),6.87175584498676,13.4020204293416,172.047619047619,209,306.095238095238,11.4473174588712
ramp,FF誤差: T/K x1.5 (加速度FF過大),3.38107922313735,7.70795114454445,156.142857142857,232,302.142857142857,10.3157039316354
ramp,FF誤差: 必要duty -0.03 (不足),2.06976199118907,7.79814795736156,172.666666666667,216,239.238095238095,10.3153507901267
ramp,FF誤差: 必要duty +0.03 (過大),3.81696154295147,7.07392207048319,155.619047619048,192,213.666666666667,4.92369604782916
