target_dps,accel_dps2,os100_pct,rise90_ms,settle10_ms,u_peak
100,Inf,0.0287136375759616,98,108,0.122653252077049
100,5000,0.029008317480347,105,115,0.122654750714886
100,3000,0.0292488081472015,111,121,0.122656033064896
100,2500,0.0293846707954799,114,124,0.122656737780089
100,2000,0.029610650891172,119,129,0.122657872565157
250,Inf,0.0963368604018342,141,149,0.198287286354156
250,5000,0.130531110159166,147,156,0.19927932443986
250,3000,0.199449051810734,155,165,0.201055414157438
250,2500,0.255437982216574,161,171,0.202338369206435
250,2000,0.361178902709844,172,182,0.204491061537737
430,Inf,0,148,156,0.246647576395948
430,5000,0.0160664355812673,155,166,0.272830215654652
430,3000,0.531793991583857,178,189,0.271471100441056
430,2500,0.829286346434779,194,206,0.266973859297433
430,2000,1.06483198542681,224,234,0.259759962972764
-430,Inf,0,148,156,0.246647576395948
-430,5000,0.0160664355812673,155,166,0.272830215654652
-430,3000,0.531793991583857,178,189,0.271471100441056
-430,2500,0.829286346434779,194,206,0.266973859297433
-430,2000,1.06483198542681,224,234,0.259759962972764
