Kc,ti430_ms,os_lin150,os_lin200,r90_h1_scaled_ms,settle5_h1_scaled_ms
0.0005,90,5.32801264810617,9.33955135497308,187.32,241.08
0.0005,110,2.65123404176325,6.45796450049482,238.56,309.12
0.0005,130,0.84275281057506,4.24903774764923,288.96,375.48
0.0005,150,0,2.52710216496596,339.36,441.84
0.0007,90,5.34645045129423,8.62431712924228,141.12,193.2
0.0007,110,2.79719328730208,6.01100438853941,182.28,250.32
0.0007,130,0.998276650122103,4.01082671733254,223.44,306.6
0.0007,150,0,2.443601277568,263.76,361.2
0.0009,90,5.10111546872354,7.86787821122241,115.08,166.32
0.0009,110,2.74431398117702,5.51181155518358,150.36,216.72
0.0009,130,1.03678390921965,3.70481349500135,184.8,265.44
0.0009,150,0,2.28477363916852,218.4,314.16
0.0012,90,4.59146829861349,6.8303049045128,89.88,139.44
0.0012,110,2.53615091800233,4.81454091544302,117.6,183.96
0.0012,130,1.00503549218283,3.2595990610816,146.16,225.96
0.0012,150,0,2.03181858476823,173.88,267.12
