plant,ti430_ms,os_pct,r90_ms,settle5_ms
A H1(T≈85ms),65,0,147,180
A H1(T≈85ms),90,0,223,287
A H1(T≈85ms),110,0,284,368
A H1(T≈85ms),130,0,344,447
A H1(T≈85ms),150,0,404,526
B 線形 T=150 K=4000,65,10.3623797268049,97,301
B 線形 T=150 K=4000,90,5.32801264810617,118,280
B 線形 T=150 K=4000,110,2.65123404176325,135,160
B 線形 T=150 K=4000,130,0.84275281057506,153,189
B 線形 T=150 K=4000,150,0,172,224
C 線形 T=200 K=6000,65,14.448074422332,83,289
C 線形 T=200 K=6000,90,9.33955135497308,97,315
C 線形 T=200 K=6000,110,6.45796450049482,107,307
C 線形 T=200 K=6000,130,4.24903774764923,118,137
C 線形 T=200 K=6000,150,2.52710216496596,128,153
