label,duty_diff,baseline_dps,gyro_ss_tail_dps,P1D_K_dps,Ksec_dps_per_duty,Ktan_dps_per_duty,P1D_T_ms,P1D_Td_ms,P1D_fit_pct,K_over_T_dps_per_s,P2_wn_rad_s,P2_zeta,P2_Td_ms,P2_fit_pct
pos002,0.02,3.57459355473518,10.7018295578162,11.0312445662968,551.562228314839,551.562228314839,10.1819230923426,4.67282142979923,19.1354171664332,1083.41464242575,55.7876100755345,0.332239577522592,1.08788231937495e-15,25.3487993503054
pos004,0.04,3.64146346131961,24.6654477369785,25.9688959268009,649.222398170022,746.882568025205,10.2224351676312,6.54790227515634,47.1591233853861,2540.38255082606,101.102509897865,0.722944564911322,0.858658129369299,48.1943166637066
pos006,0.06,2.95792688151201,45.6137206989527,45.8227787566382,763.712979277304,992.694141491867,14.2675687249488,3.45869676289322,54.681809140323,3211.67394669779,276.957318949553,2.1005344036754,2.53238949176724,54.6820408210853
pos010,0.1,4.37581310629845,78.0606726292769,77.2947345692397,772.947345692397,786.798895315037,16.7919023591345,3.17519027558636,51.6660313593486,4603.09576104655,141.970669372326,1.36100028115578,0.61721590343594,51.6825936771287
pos014,0.14,2.08577238659064,153.903053220709,145.667360149074,1040.48114392196,1709.31563949586,34.5070462275597,5.00704929643856e-14,67.4157346090508,4221.38015489528,6140934.44447687,105952.537547149,0,67.4157346089583
pos020,0.2,1.06382114887238,253.060676455498,250.822466946335,1254.11233473167,1752.58511328767,59.0823681252181,2.2725252283432e-15,75.9947922847009,4245.30151558492,7443733.17414041,219896.378250236,6.27026776604026e-184,75.9947922845927
pos022_long,0.22,3.12317077994347,386.157706524134,392.403454029984,1783.65206377265,7079.04935418247,95.0014746689507,1.59530479315574e-14,73.7280168772951,4130.49855696854,5117593.30730718,243090.27370829,1.29925155432835e-71,73.7280168771336
pos024_long,0.24,1.99735775550206,521.266755289236,519.063282579686,2162.76367741536,6332.99142748511,93.7542870594575,2.67314134890127e-14,77.6739234086836,5536.42184117409,4396597.02911627,206100.402399955,1.45185313632071e-16,77.6739234086219
pos026_long,0.26,2.86056914806366,816.977099843026,809.402886708779,3113.088025803,14516.9802064546,137.251530496928,2.21390500698185e-14,83.4862920923011,5897.22303116246,2098666.12323736,144022.447310932,8.50430445626539e-17,83.4862920920312
pos028,0.28,1.42032521804174,894.189450579485,889.159751634878,3175.57054155314,3987.84324630493,162.503767147438,4.50208518782995e-15,79.9529194726004,5471.62547209231,1519284.56698073,123444.806632126,3.72700571057001e-256,79.9529194720169
neg002,-0.02,2.54004068394502,-14.734146626989,-14.350479583289,717.523979164448,717.523979164448,12.258706315966,5.7051053115403,42.2634100129984,-1170.63572724625,405.835917227712,2.57904040717592,5.2425123304119,42.2641817908859
neg004,-0.04,3.90264233489831,-32.1526429706812,-33.972715291408,849.3178822852,981.111785405951,15.5127017107595,3.59583352295409,34.2227518441223,-2189.99345986552,211.175924233399,1.76571034322884,2.31386093287326,34.2298254173551
neg006,-0.06,2.07337401151657,-49.8127043350537,-49.7805597302965,829.675995504942,790.392221944427,19.1708152366898,3.10601955034315,51.8429764067996,-2596.68454970161,1053.14943401182,10.1196312681723,3.05893170891916,51.8429764067989
neg010,-0.1,3.15487809340159,-74.2559974527359,-73.9729431027715,739.729431027715,604.809584311874,18.8794584855966,1.57221597921481,72.6391412462737,-3918.17080766414,1517.8520234485,14.3455601580184,1.54921149662314,72.6391412462732
neg014,-0.14,3.23455289204915,-123.058742586772,-120.438677340108,860.27626671506,1161.64335593342,24.3936267589198,1.33734939000825,73.342126864432,-4937.3009815389,1115.48069386763,13.6236849199392,1.30438152594921,73.3421268644317
neg020,-0.2,2.60894313037395,-254.914843068321,-250.967198388067,1254.83599194033,2175.47535079931,61.7355478808042,7.81414405821448e-15,80.1060014960981,-4065.1975564001,7033887.01817538,217120.931644353,2.55121249364848e-12,80.1060014959087
neg022_long,-0.22,3.419105737408,-311.124905984601,-320.503159419805,1456.83254281729,3476.7980515869,65.7305064094053,3.12116123203529e-14,76.9137026787401,-4876.01841104855,6004808.72644436,197349.406429207,4.64458073994075e-57,76.9137026786179
neg024_long,-0.24,3.84918705602487,-487.168558279474,-481.219189277356,2005.07995532232,8035.80149287758,94.9147204622977,1.53772717321833e-15,84.2624189798645,-5070.01639928453,3432023.49509603,162874.972479543,1.78852386469248e-58,84.2624189794999
neg026_long,-0.26,3.77662608146668,-671.792265958786,-652.081577334117,2508.00606666968,8543.11940283802,108.709644837282,7.66297633562844e-15,82.8483727507636,-5998.37832521816,2952645.08257486,160490.49575529,6.56508400426614e-30,82.8483727506032
neg028,-0.28,2.71646344880263,-740.753573841056,-747.623911406358,2670.08539787985,4777.11670361205,125.345043048053,9.09852092727614e-16,90.5175072693513,-5964.527142248,2557100.44739599,160260.032714444,5.42892037931894e-23,90.5175072690663
