Kc,Ti_s,T_loc_ms,K_loc,os_pct,r90_ms
0.0003,0.0653,75,1700,0,286
0.0003,0.09,75,1700,0,422
0.0003,0.13,75,1700,0,650
0.0003,0.18,75,1700,0,932
0.0003,0.25,75,1700,0,1326
0.0003,0.0653,100,3000,2.63962035737799,165
0.0003,0.09,100,3000,0.0644731264850762,226
0.0003,0.13,100,3000,0,354
0.0003,0.18,100,3000,0,534
0.0003,0.25,100,3000,0,784
0.0003,0.0653,150,4000,9.67392526826749,144
0.0003,0.09,150,4000,4.55703550649025,181
0.0003,0.13,150,4000,0.424955397938431,248
0.0003,0.18,150,4000,0,356
0.0003,0.25,150,4000,0,548
0.0003,0.0653,200,6000,15.1924798529019,120
0.0003,0.09,200,6000,9.67225010845341,144
0.0003,0.13,200,6000,4.1011297099977,182
0.0003,0.18,200,6000,0.463126241631562,232
0.0003,0.25,200,6000,0,322
0.0003,0.0653,300,6000,22.5668763773209,145
0.0003,0.09,300,6000,16.6243086951856,172
0.0003,0.13,300,6000,10.2443074764834,211
0.0003,0.18,300,6000,5.19904229551664,258
0.0003,0.25,300,6000,1.12487838964401,328
0.0005,0.0653,75,1700,0.124496599310597,173
0.0005,0.09,75,1700,0,254
0.0005,0.13,75,1700,0,404
0.0005,0.18,75,1700,0,591
0.0005,0.25,75,1700,0,851
0.0005,0.0653,100,3000,3.84905540291576,106
0.0005,0.09,100,3000,0.358549661783858,138
0.0005,0.13,100,3000,0,206
0.0005,0.18,100,3000,0,321
0.0005,0.25,100,3000,0,489
0.0005,0.0653,150,4000,10.2864021457432,98
0.0005,0.09,150,4000,5.32801264810616,118
0.0005,0.13,150,4000,0.842752810575065,153
0.0005,0.18,150,4000,0,205
0.0005,0.25,150,4000,0,309
0.0005,0.0653,200,6000,14.3727577028504,83
0.0005,0.09,200,6000,9.33955135497309,97
0.0005,0.13,200,6000,4.24903774764924,118
0.0005,0.18,200,6000,0.670683455414656,143
0.0005,0.25,200,6000,0,181
0.0005,0.0653,300,6000,21.1555266627256,103
0.0005,0.09,300,6000,15.6644951548132,119
0.0005,0.13,300,6000,9.84738455062066,143
0.0005,0.18,300,6000,5.25599812462256,169
0.0005,0.25,300,6000,1.38615893353418,204
0.0008,0.0653,75,1700,0.516015349618271,110
0.0008,0.09,75,1700,0,156
0.0008,0.13,75,1700,0,254
0.0008,0.18,75,1700,0,384
0.0008,0.25,75,1700,0,563
0.0008,0.0653,100,3000,4.27261829192001,71
0.0008,0.09,100,3000,0.611503656544987,88
0.0008,0.13,100,3000,0,121
0.0008,0.18,100,3000,0,182
0.0008,0.25,100,3000,0,293
0.0008,0.0653,150,4000,9.77579583867048,68
0.0008,0.09,150,4000,5.26649267818431,80
0.0008,0.13,150,4000,1.02886398521085,98
0.0008,0.18,150,4000,0,122
0.0008,0.25,150,4000,0,164
0.0008,0.0653,200,6000,12.6874368021613,58
0.0008,0.09,200,6000,8.26946489671174,67
0.0008,0.13,200,6000,3.86534437317567,78
0.0008,0.18,200,6000,0.705324056151735,91
0.0008,0.25,200,6000,0,107
0.0008,0.0653,300,6000,18.7543039559417,74
0.0008,0.09,300,6000,13.817292374066,85
0.0008,0.13,300,6000,8.70171607010202,99
0.0008,0.18,300,6000,4.72995502547497,114
0.0008,0.25,300,6000,1.36009125702459,131
