file,tgt,kind,a,b,Tloc,Kloc,n
omega_step_neg430.csv,-430,step,-1528.65123041081,16.5479287031188,0.0604305238402152,-92.3771946227147,458
omega_step_neg430_1.csv,-430,step,17809.0076129954,11.1362086138401,0.0897971683789399,1599.19845528597,466
omega_step_neg430_2.csv,-430,step,8669.48143038501,17.0098738831543,0.0587893835585901,509.673469064979,461
omega_step_neg430_3.csv,-430,step,19835.8989781236,10.8940382873515,0.0917933252686516,1820.80312689501,460
omega_step_pos430.csv,430,step,34284.1915419603,-3.72007176670153,-0.268812018346266,-9216.00272576434,473
omega_step_pos430_1.csv,430,step,52013.6559779324,-9.41726437434932,-0.106187950157138,-5523.22350847523,477
omega_step_pos430_2.csv,430,step,27942.0819185676,-5.37839698085776,-0.185929005158804,-5195.24349318509,475
omega_step_pos430_3.csv,430,step,21908.4375620583,4.65216112687697,0.214953861813317,4709.30326026037,468
omega_step_pos430_4.csv,430,step,18720.4663338948,2.82454104117485,0.354039819362672,6627.79051923711,478
omega_step_pos430_5.csv,430,step,21769.7198282566,10.1779443497525,0.0982516670986037,2138.91126539574,477
omega_step_pos430_6.csv,430,step,40525.5369288661,2.65773301702067,0.376260517364157,15248.1594913154,479
omega_ramp4k_neg430.csv,-430,ramp4k,60441.721307026,-3.57226191553384,-0.279934681063429,-16919.733977007,447
omega_ramp4k_pos430.csv,430,ramp4k,24980.0383536884,4.46407179460871,0.224010734148072,5595.79673065675,444
omega_ramp_neg430.csv,-430,ramp,47606.480257597,3.68076808315997,0.271682425354409,12933.8440189708,404
omega_ramp_neg430_1.csv,-430,ramp,46965.4514829938,19.1871949933928,0.0521180923185675,2447.74973617387,408
omega_ramp_pos430.csv,430,ramp,36597.5164903074,-5.19099283956,-0.192641375341362,-7050.19591077099,407
omega_ramp_pos430_1.csv,430,ramp,31213.7551786867,1.13178341367413,0.883561278525613,27579.2654332659,409
