target_dps,ctrl,gain_mult,final_dps,overshoot_pct,rise90_ms,settle5_ms,u_peak,sat_time_pct,u_ripple_std
100,1,1,98.824671098912,3.38202388152796,173,258,0.139974081630744,0,0.00601768697193308
100,1,1.5,100.088726401968,4.14513496282002,143,266,0.105138673021833,0,0.00582605690025524
100,1,2,101.954456939439,6.02415963674231,107,1367,0.0863691632304626,0,0.00559702256748881
100,2,1,98.8083342209718,3.0044087551951,201,243,0.140773588633902,0,0.00554427180494712
100,2,1.5,100.616843883976,4.67345877749652,130,186,0.108616018361267,0,0.00539277691188567
100,2,2,100.787357569793,5.82552440305123,105,1393,0.0904074597244992,0,0.00544992115462238
100,3,1,99.3405776929411,2.40959008865224,168,212,0.142567301831,0,0.00578354093329993
100,3,1.5,99.2608218907597,4.22987033310611,130,256,0.110724398293244,0,0.00605580212796562
100,3,2,99.4570631500955,4.51031497302023,97,1285,0.0839093307390001,0,0.00550730955336109
100,4,1,98.6472598135812,6.36043050978418,124,1331,0.157652446002546,0,0.0105088480238265
100,4,1.5,99.6685001968255,7.18586136874548,79,1475,0.120395871942272,0,0.00996870140120329
100,4,2,99.827293549014,7.11057362664512,58,1489,0.0989599367123629,0,0.0102085278533172
100,5,1,99.965386603014,4.40543409604899,94,881,0.147562923319443,0,0.00767164824842368
100,5,1.5,99.6248995225694,5.11816975698233,72,1248,0.111765086030837,0,0.00735912672359125
100,5,2,100.302169785619,8.28811764423757,54,1093,0.0926636957911187,0,0.00716388072194818
200,1,1,200.074534481086,2.52949458691904,116,131,0.2,0.0666666666666667,0.0055819842261553
200,1,1.5,200.983203257634,2.62154946576777,106,126,0.166808615274951,0,0.00549625761795589
200,1,2,199.674087055529,3.89602223349166,89,105,0.139709798709549,0,0.00538539562130162
200,2,1,199.755673316566,1.91030362740619,116,127,0.201527806495972,0,0.00559470461910114
200,2,1.5,198.992587405427,3.20837994843527,98,115,0.162860649665715,0,0.00536961400189619
200,2,2,199.841486687112,2.91371168021523,86,113,0.139873643341821,0,0.00520092709922842
200,3,1,200.673553974993,1.82777513752394,264,312,0.196572398746445,0,0.00495455192644638
200,3,1.5,200.625128698487,2.2872098474792,242,316,0.163489050202902,0,0.00538264862084536
200,3,2,199.848953181723,1.68413207956671,217,286,0.137294088944568,0,0.0055936785117502
200,4,1,200.877388952161,3.9278299087773,167,190,0.210369733695419,0,0.00855201370514582
200,4,1.5,198.425435642786,2.39403396484332,154,187,0.171547637183133,0,0.00890137203074177
200,4,2,200.976430789586,3.28724138739273,132,204,0.148434286542743,0,0.00842848054401114
200,5,1,198.871405897076,2.53765582557708,133,156,0.203174198176721,0,0.00731087437463715
200,5,1.5,199.471812493895,2.52168874498877,130,170,0.174761773209526,0,0.00781823762376909
200,5,2,199.377900997729,3.05470967759555,119,175,0.145434886723507,0,0.00764032506834087
250,1,1,247.349596938498,1.19525159728148,122,144,0.2,22.1333333333333,0.00481239939887969
250,1,1.5,249.508747966513,2.64163560117192,94,110,0.18415088695651,0,0.0053725517150553
250,1,2,249.82870850197,2.84250977282586,82,97,0.157995091756081,0,0.00543848802834887
250,2,1,249.33761133732,4.50046150274029,99,108,0.231053583899374,0,0.00587785320928422
250,2,1.5,249.499345226251,1.9614137460529,89,104,0.181006499218751,0,0.00554758682568962
250,2,2,250.855779514461,3.18177947102338,80,98,0.160338555443833,0,0.00555367414290236
250,3,1,251.729582757318,1.98344851035407,281,328,0.210814817377824,0,0.00507137707972922
250,3,1.5,251.916783930017,1.81576613054079,273,345,0.182968186638654,0,0.00490941829019353
250,3,2,250.323575120234,1.6829250013629,253,328,0.156928561166946,0,0.00477587575360192
250,4,1,249.756980677013,2.03042130220788,182,220,0.226006975959103,0,0.0084070237687426
250,4,1.5,249.783562558595,2.92328050524404,173,226,0.194023982811891,0,0.00883892161921352
250,4,2,249.570147602152,2.449469994831,168,223,0.167303467082229,0,0.00826094688115187
250,5,1,249.525254706625,3.16588100372705,206,270,0.223789334607862,0,0.00716533733437367
250,5,1.5,251.416475106402,2.54946091886281,201,276,0.18920950324795,0,0.00796390848901691
250,5,2,249.830679079472,2.62483498515585,178,244,0.164300175815275,0,0.00735320130182018
400,1,1,268.777612582164,0,NaN,NaN,0.2,99.2,3.05819760653292e-16
400,1,1.5,392.209638007126,0,134,171,0.2,58.4,0.00325244885905485
400,1,2,400.686007005735,3.95732502370061,67,74,0.2,3.53333333333333,0.00551600781523271
400,2,1,400.696302439067,11.994701331319,85,179,0.28,3.93333333333333,0.00553272992454579
400,2,1.5,400.609532151791,10.4358833008147,66,143,0.258943014394286,0,0.00554180945077361
400,2,2,400.187224459798,7.31456168050504,59,116,0.225422341057732,0,0.0054918124254018
400,3,1,400.764373776463,1.26583030920634,343,409,0.242309089275464,0,0.00447928890467456
400,3,1.5,399.820604413841,0.833476142058941,324,412,0.213342321603178,0,0.00449624107161241
400,3,2,399.611658163504,0.702025006838753,318,423,0.192492612855302,0,0.0042239959333272
400,4,1,399.301832642542,1.29572403933965,220,286,0.250118041126637,0,0.00754342436881384
400,4,1.5,399.258586126641,1.24816524202076,216,288,0.225389190767466,0,0.00719186508815646
400,4,2,401.104936655406,1.99914638042173,200,290,0.203177787835178,0,0.00781642466093159
400,5,1,399.056797137935,1.08166429795212,399,512,0.25369222291148,0,0.00785273629965423
400,5,1.5,398.523227982178,0.813357526761976,363,516,0.223418947474416,0,0.00727672836417703
400,5,2,399.853902823929,1.06589468614401,346,467,0.201628201286117,0,0.00789055176417002
430,1,1,268.777612582902,0,NaN,NaN,0.2,99.4666666666667,3.05819760653292e-16
430,1,1.5,402.624901584811,0,192,NaN,0.2,96.4666666666667,0.000595347546038185
430,1,2,429.37619756292,4.01126314741508,76,85,0.2,5.53333333333333,0.00577393287102614
430,2,1,430.353040515809,11.3668051730695,91,179,0.28,4.93333333333333,0.00549754102728096
430,2,1.5,428.778742931273,12.0816361743458,63,141,0.276144831994885,0,0.00575866605781237
430,2,2,431.092373412318,6.44976891173321,57,119,0.244345923274291,0,0.00560171295987376
430,3,1,430.673915885564,1.18607408242148,349,420,0.247309324389553,0,0.00402165624853939
430,3,1.5,431.032236224429,0.964640897543261,344,421,0.218204950957573,0,0.00401466161086981
430,3,2,429.618471972326,1.02211436459457,329,407,0.201075869465219,0,0.00422928507694097
430,4,1,431.034146495365,1.29303635030435,230,284,0.258887023659395,0,0.00723842571043854
430,4,1.5,428.833641519897,1.16911601983586,209,296,0.232253716961022,0,0.00724052813436207
430,4,2,429.620455833371,1.40599125607999,208,296,0.208301140843938,0,0.0069359593875786
430,5,1,429.319501846415,0.712558341607598,407,550,0.262419951232308,0,0.00704413859657443
430,5,1.5,429.261405905127,1.28800240377166,368,538,0.227745640993007,0,0.00750373879490584
430,5,2,428.91755386571,1.43281609511118,377,520,0.215,0,0.00716257287773098
-430,1,1,-268.777612582906,0,NaN,NaN,0.2,99.4666666666667,3.05819760653292e-16
-430,1,1.5,-402.517229610662,0,192,NaN,0.2,96.2666666666667,0.000575147139436436
-430,1,2,-432.594825769715,3.6623728555402,76,85,0.2,5.46666666666667,0.00552266167315202
-430,2,1,-431.402005032639,11.3961122930106,91,186,0.28,4.8,0.00567532973552143
-430,2,1.5,-430.385984885874,11.3350844893425,63,138,0.28,0.0666666666666667,0.00571400788516069
-430,2,2,-432.788855980271,7.34339399515125,56,111,0.242410356044181,0,0.00547692709686089
-430,3,1,-430.464959835435,1.01858255058436,351,420,0.247327185803641,0,0.00423996019198425
-430,3,1.5,-430.679606290647,0.849391592239605,337,419,0.218438580395084,0,0.00429340169149857
-430,3,2,-429.801511707684,1.04172120604465,324,427,0.19651125453783,0,0.00431110278669289
-430,4,1,-429.15751248022,1.05029676549865,228,292,0.255235726055533,0,0.00713112363992109
-430,4,1.5,-429.47016807506,1.27718923020926,225,297,0.227604988652114,0,0.00690707791710454
-430,4,2,-429.45426798729,1.28997244311255,217,291,0.207306861063594,0,0.00745213229634686
-430,5,1,-429.679354031334,1.28605989178565,146,182,0.262176893364884,0,0.00802509373496466
-430,5,1.5,-429.924926022874,1.63000127742426,142,214,0.23424249762467,0,0.00677536170809118
-430,5,2,-429.827515744431,1.53972197428643,142,197,0.223077858947985,0,0.00774454647244729
